assignment_name,"tagname","definition_id","display_name","description"
require environment tag on resource group,"env","/providers/Microsoft.Authorization/policyDefinitions/96670d01-0a4d-4649-9c89-2d3abc0a5025","require the environment tag for resource group","This is the policy that requires a environment tag for all the resource groups in the current subscription"
require a uai tag on resource group,"uai","/providers/Microsoft.Authorization/policyDefinitions/96670d01-0a4d-4649-9c89-2d3abc0a5025","require the uai tag for resource group","This is the policy requires a uai tag for all the resource groups in the current subscription"
inherit a uai tag from resource groups,"uai","/providers/Microsoft.Authorization/policyDefinitions/cd3aa116-8754-49c9-a813-ad46512ece54","inherit a uai tag from resource group","This is the policy that inherits uai tag from the resource group to the resources from current subscription"
inherit a environment tag from resource groups,"env","/providers/Microsoft.Authorization/policyDefinitions/cd3aa116-8754-49c9-a813-ad46512ece54","inherit a environment tag from resource group","This is the policy that inherits a environment tag to resources from the resource group from current subscription"
require a uai tag on the resource,"uai","/providers/Microsoft.Authorization/policyDefinitions/871b6d14-10aa-478d-b590-94f262ecfa99","require a uai tag on the resource","This policy is required for all the resources who doesnt have the uai tag"
require a environment tag on the resource,"env","/providers/Microsoft.Authorization/policyDefinitions/871b6d14-10aa-478d-b590-94f262ecfa99","require a environment tag on the resource","This policy is required for all the resources who doesnt have the environment tag"